correction_id,destination,year,origin_name,column_changed,old_value,new_value,reason
TUN_SCANDINAVES,Tunisie,2017,Scandinaves,granularity,country,regional_aggregate,Groupe régional publié par la source ; composition exacte du groupe à vérifier. Ne pas ventiler en pays et ne pas fusionner automatiquement avec d'autres agrégats scandinaves.
TUN_SCANDINAVES,Tunisie,2017,Scandinaves,quality_flag,exact_country,exact_aggregate,Groupe régional publié par la source ; composition exacte du groupe à vérifier. Ne pas ventiler en pays et ne pas fusionner automatiquement avec d'autres agrégats scandinaves.
TUN_SCANDINAVES,Tunisie,2017,Scandinaves,notes,Absence d'une nationalité publiée ≠ zéro; TRE non fusionnés avec touristes étrangers.,Absence d'une nationalité publiée ≠ zéro; TRE non fusionnés avec touristes étrangers. Groupe régional publié par la source ; composition exacte du groupe à vérifier. Ne pas ventiler en pays et ne pas fusionner automatiquement avec d'autres agrégats scandinaves.,Groupe régional publié par la source ; composition exacte du groupe à vérifier. Ne pas ventiler en pays et ne pas fusionner automatiquement avec d'autres agrégats scandinaves.
TUN_SCANDINAVES,Tunisie,2018,Scandinaves,granularity,country,regional_aggregate,Groupe régional publié par la source ; composition exacte du groupe à vérifier. Ne pas ventiler en pays et ne pas fusionner automatiquement avec d'autres agrégats scandinaves.
TUN_SCANDINAVES,Tunisie,2018,Scandinaves,quality_flag,exact_country,exact_aggregate,Groupe régional publié par la source ; composition exacte du groupe à vérifier. Ne pas ventiler en pays et ne pas fusionner automatiquement avec d'autres agrégats scandinaves.
TUN_SCANDINAVES,Tunisie,2018,Scandinaves,notes,Absence d'une nationalité publiée ≠ zéro; TRE non fusionnés avec touristes étrangers.,Absence d'une nationalité publiée ≠ zéro; TRE non fusionnés avec touristes étrangers. Groupe régional publié par la source ; composition exacte du groupe à vérifier. Ne pas ventiler en pays et ne pas fusionner automatiquement avec d'autres agrégats scandinaves.,Groupe régional publié par la source ; composition exacte du groupe à vérifier. Ne pas ventiler en pays et ne pas fusionner automatiquement avec d'autres agrégats scandinaves.
TUN_SCANDINAVES,Tunisie,2019,Scandinaves,granularity,country,regional_aggregate,Groupe régional publié par la source ; composition exacte du groupe à vérifier. Ne pas ventiler en pays et ne pas fusionner automatiquement avec d'autres agrégats scandinaves.
TUN_SCANDINAVES,Tunisie,2019,Scandinaves,quality_flag,exact_country,exact_aggregate,Groupe régional publié par la source ; composition exacte du groupe à vérifier. Ne pas ventiler en pays et ne pas fusionner automatiquement avec d'autres agrégats scandinaves.
TUN_SCANDINAVES,Tunisie,2019,Scandinaves,notes,Absence d'une nationalité publiée ≠ zéro; TRE non fusionnés avec touristes étrangers.,Absence d'une nationalité publiée ≠ zéro; TRE non fusionnés avec touristes étrangers. Groupe régional publié par la source ; composition exacte du groupe à vérifier. Ne pas ventiler en pays et ne pas fusionner automatiquement avec d'autres agrégats scandinaves.,Groupe régional publié par la source ; composition exacte du groupe à vérifier. Ne pas ventiler en pays et ne pas fusionner automatiquement avec d'autres agrégats scandinaves.
TUN_SCANDINAVES,Tunisie,2020,Scandinaves,granularity,country,regional_aggregate,Groupe régional publié par la source ; composition exacte du groupe à vérifier. Ne pas ventiler en pays et ne pas fusionner automatiquement avec d'autres agrégats scandinaves.
TUN_SCANDINAVES,Tunisie,2020,Scandinaves,quality_flag,exact_country,exact_aggregate,Groupe régional publié par la source ; composition exacte du groupe à vérifier. Ne pas ventiler en pays et ne pas fusionner automatiquement avec d'autres agrégats scandinaves.
TUN_SCANDINAVES,Tunisie,2020,Scandinaves,notes,Absence d'une nationalité publiée ≠ zéro; TRE non fusionnés avec touristes étrangers.,Absence d'une nationalité publiée ≠ zéro; TRE non fusionnés avec touristes étrangers. Groupe régional publié par la source ; composition exacte du groupe à vérifier. Ne pas ventiler en pays et ne pas fusionner automatiquement avec d'autres agrégats scandinaves.,Groupe régional publié par la source ; composition exacte du groupe à vérifier. Ne pas ventiler en pays et ne pas fusionner automatiquement avec d'autres agrégats scandinaves.
TUN_SCANDINAVES,Tunisie,2021,Scandinaves,granularity,country,regional_aggregate,Groupe régional publié par la source ; composition exacte du groupe à vérifier. Ne pas ventiler en pays et ne pas fusionner automatiquement avec d'autres agrégats scandinaves.
TUN_SCANDINAVES,Tunisie,2021,Scandinaves,quality_flag,exact_country,exact_aggregate,Groupe régional publié par la source ; composition exacte du groupe à vérifier. Ne pas ventiler en pays et ne pas fusionner automatiquement avec d'autres agrégats scandinaves.
TUN_SCANDINAVES,Tunisie,2021,Scandinaves,notes,Absence d'une nationalité publiée ≠ zéro; TRE non fusionnés avec touristes étrangers.,Absence d'une nationalité publiée ≠ zéro; TRE non fusionnés avec touristes étrangers. Groupe régional publié par la source ; composition exacte du groupe à vérifier. Ne pas ventiler en pays et ne pas fusionner automatiquement avec d'autres agrégats scandinaves.,Groupe régional publié par la source ; composition exacte du groupe à vérifier. Ne pas ventiler en pays et ne pas fusionner automatiquement avec d'autres agrégats scandinaves.
TUN_SCANDINAVES,Tunisie,2022,Scandinaves,granularity,country,regional_aggregate,Groupe régional publié par la source ; composition exacte du groupe à vérifier. Ne pas ventiler en pays et ne pas fusionner automatiquement avec d'autres agrégats scandinaves.
TUN_SCANDINAVES,Tunisie,2022,Scandinaves,quality_flag,exact_country,exact_aggregate,Groupe régional publié par la source ; composition exacte du groupe à vérifier. Ne pas ventiler en pays et ne pas fusionner automatiquement avec d'autres agrégats scandinaves.
TUN_SCANDINAVES,Tunisie,2022,Scandinaves,notes,Absence d'une nationalité publiée ≠ zéro; TRE non fusionnés avec touristes étrangers.,Absence d'une nationalité publiée ≠ zéro; TRE non fusionnés avec touristes étrangers. Groupe régional publié par la source ; composition exacte du groupe à vérifier. Ne pas ventiler en pays et ne pas fusionner automatiquement avec d'autres agrégats scandinaves.,Groupe régional publié par la source ; composition exacte du groupe à vérifier. Ne pas ventiler en pays et ne pas fusionner automatiquement avec d'autres agrégats scandinaves.
TUN_SCANDINAVES,Tunisie,2023,Scandinaves,granularity,country,regional_aggregate,Groupe régional publié par la source ; composition exacte du groupe à vérifier. Ne pas ventiler en pays et ne pas fusionner automatiquement avec d'autres agrégats scandinaves.
TUN_SCANDINAVES,Tunisie,2023,Scandinaves,quality_flag,exact_country,exact_aggregate,Groupe régional publié par la source ; composition exacte du groupe à vérifier. Ne pas ventiler en pays et ne pas fusionner automatiquement avec d'autres agrégats scandinaves.
TUN_SCANDINAVES,Tunisie,2023,Scandinaves,notes,Absence d'une nationalité publiée ≠ zéro; TRE non fusionnés avec touristes étrangers.,Absence d'une nationalité publiée ≠ zéro; TRE non fusionnés avec touristes étrangers. Groupe régional publié par la source ; composition exacte du groupe à vérifier. Ne pas ventiler en pays et ne pas fusionner automatiquement avec d'autres agrégats scandinaves.,Groupe régional publié par la source ; composition exacte du groupe à vérifier. Ne pas ventiler en pays et ne pas fusionner automatiquement avec d'autres agrégats scandinaves.
KEN_UNO,Kenya,2022,United Nations Organization,granularity,country,institutional_category,Catégorie institutionnelle publiée dans le Top 30 ; ne pas interpréter comme un pays. Définition statistique exacte à vérifier dans la source originale.
KEN_UNO,Kenya,2022,United Nations Organization,notes,Rang officiel dans le Top 30: 22. La table n'est pas exhaustive de tous les marchés.,Rang officiel dans le Top 30: 22. La table n'est pas exhaustive de tous les marchés. Catégorie institutionnelle publiée dans le Top 30 ; ne pas interpréter comme un pays. Définition statistique exacte à vérifier dans la source originale.,Catégorie institutionnelle publiée dans le Top 30 ; ne pas interpréter comme un pays. Définition statistique exacte à vérifier dans la source originale.
TUN_MISSING,Tunisie,2017,Luxembourgeois,quality_flag,exact_country,missing_unverified,Valeur absente du dataset harmonisé ; cause de l'absence non vérifiée dans la source originale. Ne pas interpréter comme zéro.
TUN_MISSING,Tunisie,2017,Luxembourgeois,notes,Absence d'une nationalité publiée ≠ zéro; TRE non fusionnés avec touristes étrangers.,Absence d'une nationalité publiée ≠ zéro; TRE non fusionnés avec touristes étrangers. Valeur absente du dataset harmonisé ; cause de l'absence non vérifiée dans la source originale. Ne pas interpréter comme zéro.,Valeur absente du dataset harmonisé ; cause de l'absence non vérifiée dans la source originale. Ne pas interpréter comme zéro.
TUN_MISSING,Tunisie,2018,Luxembourgeois,quality_flag,exact_country,missing_unverified,Valeur absente du dataset harmonisé ; cause de l'absence non vérifiée dans la source originale. Ne pas interpréter comme zéro.
TUN_MISSING,Tunisie,2018,Luxembourgeois,notes,Absence d'une nationalité publiée ≠ zéro; TRE non fusionnés avec touristes étrangers.,Absence d'une nationalité publiée ≠ zéro; TRE non fusionnés avec touristes étrangers. Valeur absente du dataset harmonisé ; cause de l'absence non vérifiée dans la source originale. Ne pas interpréter comme zéro.,Valeur absente du dataset harmonisé ; cause de l'absence non vérifiée dans la source originale. Ne pas interpréter comme zéro.
TUN_MISSING,Tunisie,2017,Grecs,quality_flag,exact_country,missing_unverified,Valeur absente du dataset harmonisé ; cause de l'absence non vérifiée dans la source originale. Ne pas interpréter comme zéro.
TUN_MISSING,Tunisie,2017,Grecs,notes,Absence d'une nationalité publiée ≠ zéro; TRE non fusionnés avec touristes étrangers.,Absence d'une nationalité publiée ≠ zéro; TRE non fusionnés avec touristes étrangers. Valeur absente du dataset harmonisé ; cause de l'absence non vérifiée dans la source originale. Ne pas interpréter comme zéro.,Valeur absente du dataset harmonisé ; cause de l'absence non vérifiée dans la source originale. Ne pas interpréter comme zéro.
TUN_MISSING,Tunisie,2018,Grecs,quality_flag,exact_country,missing_unverified,Valeur absente du dataset harmonisé ; cause de l'absence non vérifiée dans la source originale. Ne pas interpréter comme zéro.
TUN_MISSING,Tunisie,2018,Grecs,notes,Absence d'une nationalité publiée ≠ zéro; TRE non fusionnés avec touristes étrangers.,Absence d'une nationalité publiée ≠ zéro; TRE non fusionnés avec touristes étrangers. Valeur absente du dataset harmonisé ; cause de l'absence non vérifiée dans la source originale. Ne pas interpréter comme zéro.,Valeur absente du dataset harmonisé ; cause de l'absence non vérifiée dans la source originale. Ne pas interpréter comme zéro.
TUN_MISSING,Tunisie,2017,Portugais,quality_flag,exact_country,missing_unverified,Valeur absente du dataset harmonisé ; cause de l'absence non vérifiée dans la source originale. Ne pas interpréter comme zéro.
TUN_MISSING,Tunisie,2017,Portugais,notes,Absence d'une nationalité publiée ≠ zéro; TRE non fusionnés avec touristes étrangers.,Absence d'une nationalité publiée ≠ zéro; TRE non fusionnés avec touristes étrangers. Valeur absente du dataset harmonisé ; cause de l'absence non vérifiée dans la source originale. Ne pas interpréter comme zéro.,Valeur absente du dataset harmonisé ; cause de l'absence non vérifiée dans la source originale. Ne pas interpréter comme zéro.
TUN_MISSING,Tunisie,2018,Portugais,quality_flag,exact_country,missing_unverified,Valeur absente du dataset harmonisé ; cause de l'absence non vérifiée dans la source originale. Ne pas interpréter comme zéro.
TUN_MISSING,Tunisie,2018,Portugais,notes,Absence d'une nationalité publiée ≠ zéro; TRE non fusionnés avec touristes étrangers.,Absence d'une nationalité publiée ≠ zéro; TRE non fusionnés avec touristes étrangers. Valeur absente du dataset harmonisé ; cause de l'absence non vérifiée dans la source originale. Ne pas interpréter comme zéro.,Valeur absente du dataset harmonisé ; cause de l'absence non vérifiée dans la source originale. Ne pas interpréter comme zéro.
TUN_MISSING,Tunisie,2017,Irlandais,quality_flag,exact_country,missing_unverified,Valeur absente du dataset harmonisé ; cause de l'absence non vérifiée dans la source originale. Ne pas interpréter comme zéro.
TUN_MISSING,Tunisie,2017,Irlandais,notes,Absence d'une nationalité publiée ≠ zéro; TRE non fusionnés avec touristes étrangers.,Absence d'une nationalité publiée ≠ zéro; TRE non fusionnés avec touristes étrangers. Valeur absente du dataset harmonisé ; cause de l'absence non vérifiée dans la source originale. Ne pas interpréter comme zéro.,Valeur absente du dataset harmonisé ; cause de l'absence non vérifiée dans la source originale. Ne pas interpréter comme zéro.
TUN_MISSING,Tunisie,2018,Irlandais,quality_flag,exact_country,missing_unverified,Valeur absente du dataset harmonisé ; cause de l'absence non vérifiée dans la source originale. Ne pas interpréter comme zéro.
TUN_MISSING,Tunisie,2018,Irlandais,notes,Absence d'une nationalité publiée ≠ zéro; TRE non fusionnés avec touristes étrangers.,Absence d'une nationalité publiée ≠ zéro; TRE non fusionnés avec touristes étrangers. Valeur absente du dataset harmonisé ; cause de l'absence non vérifiée dans la source originale. Ne pas interpréter comme zéro.,Valeur absente du dataset harmonisé ; cause de l'absence non vérifiée dans la source originale. Ne pas interpréter comme zéro.
TUN_MISSING,Tunisie,2017,Maltais,quality_flag,exact_country,missing_unverified,Valeur absente du dataset harmonisé ; cause de l'absence non vérifiée dans la source originale. Ne pas interpréter comme zéro.
TUN_MISSING,Tunisie,2017,Maltais,notes,Absence d'une nationalité publiée ≠ zéro; TRE non fusionnés avec touristes étrangers.,Absence d'une nationalité publiée ≠ zéro; TRE non fusionnés avec touristes étrangers. Valeur absente du dataset harmonisé ; cause de l'absence non vérifiée dans la source originale. Ne pas interpréter comme zéro.,Valeur absente du dataset harmonisé ; cause de l'absence non vérifiée dans la source originale. Ne pas interpréter comme zéro.
TUN_MISSING,Tunisie,2018,Maltais,quality_flag,exact_country,missing_unverified,Valeur absente du dataset harmonisé ; cause de l'absence non vérifiée dans la source originale. Ne pas interpréter comme zéro.
TUN_MISSING,Tunisie,2018,Maltais,notes,Absence d'une nationalité publiée ≠ zéro; TRE non fusionnés avec touristes étrangers.,Absence d'une nationalité publiée ≠ zéro; TRE non fusionnés avec touristes étrangers. Valeur absente du dataset harmonisé ; cause de l'absence non vérifiée dans la source originale. Ne pas interpréter comme zéro.,Valeur absente du dataset harmonisé ; cause de l'absence non vérifiée dans la source originale. Ne pas interpréter comme zéro.
TUN_MISSING,Tunisie,2017,Croates,quality_flag,exact_country,missing_unverified,Valeur absente du dataset harmonisé ; cause de l'absence non vérifiée dans la source originale. Ne pas interpréter comme zéro.
TUN_MISSING,Tunisie,2017,Croates,notes,Absence d'une nationalité publiée ≠ zéro; TRE non fusionnés avec touristes étrangers.,Absence d'une nationalité publiée ≠ zéro; TRE non fusionnés avec touristes étrangers. Valeur absente du dataset harmonisé ; cause de l'absence non vérifiée dans la source originale. Ne pas interpréter comme zéro.,Valeur absente du dataset harmonisé ; cause de l'absence non vérifiée dans la source originale. Ne pas interpréter comme zéro.
TUN_MISSING,Tunisie,2018,Croates,quality_flag,exact_country,missing_unverified,Valeur absente du dataset harmonisé ; cause de l'absence non vérifiée dans la source originale. Ne pas interpréter comme zéro.
TUN_MISSING,Tunisie,2018,Croates,notes,Absence d'une nationalité publiée ≠ zéro; TRE non fusionnés avec touristes étrangers.,Absence d'une nationalité publiée ≠ zéro; TRE non fusionnés avec touristes étrangers. Valeur absente du dataset harmonisé ; cause de l'absence non vérifiée dans la source originale. Ne pas interpréter comme zéro.,Valeur absente du dataset harmonisé ; cause de l'absence non vérifiée dans la source originale. Ne pas interpréter comme zéro.
TUN_MISSING,Tunisie,2017,Serbes,quality_flag,exact_country,missing_unverified,Valeur absente du dataset harmonisé ; cause de l'absence non vérifiée dans la source originale. Ne pas interpréter comme zéro.
TUN_MISSING,Tunisie,2017,Serbes,notes,Absence d'une nationalité publiée ≠ zéro; TRE non fusionnés avec touristes étrangers.,Absence d'une nationalité publiée ≠ zéro; TRE non fusionnés avec touristes étrangers. Valeur absente du dataset harmonisé ; cause de l'absence non vérifiée dans la source originale. Ne pas interpréter comme zéro.,Valeur absente du dataset harmonisé ; cause de l'absence non vérifiée dans la source originale. Ne pas interpréter comme zéro.
TUN_MISSING,Tunisie,2018,Serbes,quality_flag,exact_country,missing_unverified,Valeur absente du dataset harmonisé ; cause de l'absence non vérifiée dans la source originale. Ne pas interpréter comme zéro.
TUN_MISSING,Tunisie,2018,Serbes,notes,Absence d'une nationalité publiée ≠ zéro; TRE non fusionnés avec touristes étrangers.,Absence d'une nationalité publiée ≠ zéro; TRE non fusionnés avec touristes étrangers. Valeur absente du dataset harmonisé ; cause de l'absence non vérifiée dans la source originale. Ne pas interpréter comme zéro.,Valeur absente du dataset harmonisé ; cause de l'absence non vérifiée dans la source originale. Ne pas interpréter comme zéro.
TUN_MISSING,Tunisie,2017,Turcs,quality_flag,exact_country,missing_unverified,Valeur absente du dataset harmonisé ; cause de l'absence non vérifiée dans la source originale. Ne pas interpréter comme zéro.
TUN_MISSING,Tunisie,2017,Turcs,notes,Absence d'une nationalité publiée ≠ zéro; TRE non fusionnés avec touristes étrangers.,Absence d'une nationalité publiée ≠ zéro; TRE non fusionnés avec touristes étrangers. Valeur absente du dataset harmonisé ; cause de l'absence non vérifiée dans la source originale. Ne pas interpréter comme zéro.,Valeur absente du dataset harmonisé ; cause de l'absence non vérifiée dans la source originale. Ne pas interpréter comme zéro.
TUN_MISSING,Tunisie,2018,Turcs,quality_flag,exact_country,missing_unverified,Valeur absente du dataset harmonisé ; cause de l'absence non vérifiée dans la source originale. Ne pas interpréter comme zéro.
TUN_MISSING,Tunisie,2018,Turcs,notes,Absence d'une nationalité publiée ≠ zéro; TRE non fusionnés avec touristes étrangers.,Absence d'une nationalité publiée ≠ zéro; TRE non fusionnés avec touristes étrangers. Valeur absente du dataset harmonisé ; cause de l'absence non vérifiée dans la source originale. Ne pas interpréter comme zéro.,Valeur absente du dataset harmonisé ; cause de l'absence non vérifiée dans la source originale. Ne pas interpréter comme zéro.
TUN_MISSING,Tunisie,2017,Lituaniens,quality_flag,exact_country,missing_unverified,Valeur absente du dataset harmonisé ; cause de l'absence non vérifiée dans la source originale. Ne pas interpréter comme zéro.
TUN_MISSING,Tunisie,2017,Lituaniens,notes,Absence d'une nationalité publiée ≠ zéro; TRE non fusionnés avec touristes étrangers.,Absence d'une nationalité publiée ≠ zéro; TRE non fusionnés avec touristes étrangers. Valeur absente du dataset harmonisé ; cause de l'absence non vérifiée dans la source originale. Ne pas interpréter comme zéro.,Valeur absente du dataset harmonisé ; cause de l'absence non vérifiée dans la source originale. Ne pas interpréter comme zéro.
TUN_MISSING,Tunisie,2018,Lituaniens,quality_flag,exact_country,missing_unverified,Valeur absente du dataset harmonisé ; cause de l'absence non vérifiée dans la source originale. Ne pas interpréter comme zéro.
TUN_MISSING,Tunisie,2018,Lituaniens,notes,Absence d'une nationalité publiée ≠ zéro; TRE non fusionnés avec touristes étrangers.,Absence d'une nationalité publiée ≠ zéro; TRE non fusionnés avec touristes étrangers. Valeur absente du dataset harmonisé ; cause de l'absence non vérifiée dans la source originale. Ne pas interpréter comme zéro.,Valeur absente du dataset harmonisé ; cause de l'absence non vérifiée dans la source originale. Ne pas interpréter comme zéro.
TUN_MISSING,Tunisie,2017,Slovaques,quality_flag,exact_country,missing_unverified,Valeur absente du dataset harmonisé ; cause de l'absence non vérifiée dans la source originale. Ne pas interpréter comme zéro.
TUN_MISSING,Tunisie,2017,Slovaques,notes,Absence d'une nationalité publiée ≠ zéro; TRE non fusionnés avec touristes étrangers.,Absence d'une nationalité publiée ≠ zéro; TRE non fusionnés avec touristes étrangers. Valeur absente du dataset harmonisé ; cause de l'absence non vérifiée dans la source originale. Ne pas interpréter comme zéro.,Valeur absente du dataset harmonisé ; cause de l'absence non vérifiée dans la source originale. Ne pas interpréter comme zéro.
TUN_MISSING,Tunisie,2018,Slovaques,quality_flag,exact_country,missing_unverified,Valeur absente du dataset harmonisé ; cause de l'absence non vérifiée dans la source originale. Ne pas interpréter comme zéro.
TUN_MISSING,Tunisie,2018,Slovaques,notes,Absence d'une nationalité publiée ≠ zéro; TRE non fusionnés avec touristes étrangers.,Absence d'une nationalité publiée ≠ zéro; TRE non fusionnés avec touristes étrangers. Valeur absente du dataset harmonisé ; cause de l'absence non vérifiée dans la source originale. Ne pas interpréter comme zéro.,Valeur absente du dataset harmonisé ; cause de l'absence non vérifiée dans la source originale. Ne pas interpréter comme zéro.
TUN_MISSING,Tunisie,2017,Slovènes,quality_flag,exact_country,missing_unverified,Valeur absente du dataset harmonisé ; cause de l'absence non vérifiée dans la source originale. Ne pas interpréter comme zéro.
TUN_MISSING,Tunisie,2017,Slovènes,notes,Absence d'une nationalité publiée ≠ zéro; TRE non fusionnés avec touristes étrangers.,Absence d'une nationalité publiée ≠ zéro; TRE non fusionnés avec touristes étrangers. Valeur absente du dataset harmonisé ; cause de l'absence non vérifiée dans la source originale. Ne pas interpréter comme zéro.,Valeur absente du dataset harmonisé ; cause de l'absence non vérifiée dans la source originale. Ne pas interpréter comme zéro.
TUN_MISSING,Tunisie,2018,Slovènes,quality_flag,exact_country,missing_unverified,Valeur absente du dataset harmonisé ; cause de l'absence non vérifiée dans la source originale. Ne pas interpréter comme zéro.
TUN_MISSING,Tunisie,2018,Slovènes,notes,Absence d'une nationalité publiée ≠ zéro; TRE non fusionnés avec touristes étrangers.,Absence d'une nationalité publiée ≠ zéro; TRE non fusionnés avec touristes étrangers. Valeur absente du dataset harmonisé ; cause de l'absence non vérifiée dans la source originale. Ne pas interpréter comme zéro.,Valeur absente du dataset harmonisé ; cause de l'absence non vérifiée dans la source originale. Ne pas interpréter comme zéro.
TUN_MISSING,Tunisie,2017,Bulgares,quality_flag,exact_country,missing_unverified,Valeur absente du dataset harmonisé ; cause de l'absence non vérifiée dans la source originale. Ne pas interpréter comme zéro.
TUN_MISSING,Tunisie,2017,Bulgares,notes,Absence d'une nationalité publiée ≠ zéro; TRE non fusionnés avec touristes étrangers.,Absence d'une nationalité publiée ≠ zéro; TRE non fusionnés avec touristes étrangers. Valeur absente du dataset harmonisé ; cause de l'absence non vérifiée dans la source originale. Ne pas interpréter comme zéro.,Valeur absente du dataset harmonisé ; cause de l'absence non vérifiée dans la source originale. Ne pas interpréter comme zéro.
TUN_MISSING,Tunisie,2018,Bulgares,quality_flag,exact_country,missing_unverified,Valeur absente du dataset harmonisé ; cause de l'absence non vérifiée dans la source originale. Ne pas interpréter comme zéro.
TUN_MISSING,Tunisie,2018,Bulgares,notes,Absence d'une nationalité publiée ≠ zéro; TRE non fusionnés avec touristes étrangers.,Absence d'une nationalité publiée ≠ zéro; TRE non fusionnés avec touristes étrangers. Valeur absente du dataset harmonisé ; cause de l'absence non vérifiée dans la source originale. Ne pas interpréter comme zéro.,Valeur absente du dataset harmonisé ; cause de l'absence non vérifiée dans la source originale. Ne pas interpréter comme zéro.
TUN_MISSING,Tunisie,2017,Hongrois,quality_flag,exact_country,missing_unverified,Valeur absente du dataset harmonisé ; cause de l'absence non vérifiée dans la source originale. Ne pas interpréter comme zéro.
TUN_MISSING,Tunisie,2017,Hongrois,notes,Absence d'une nationalité publiée ≠ zéro; TRE non fusionnés avec touristes étrangers.,Absence d'une nationalité publiée ≠ zéro; TRE non fusionnés avec touristes étrangers. Valeur absente du dataset harmonisé ; cause de l'absence non vérifiée dans la source originale. Ne pas interpréter comme zéro.,Valeur absente du dataset harmonisé ; cause de l'absence non vérifiée dans la source originale. Ne pas interpréter comme zéro.
TUN_MISSING,Tunisie,2018,Hongrois,quality_flag,exact_country,missing_unverified,Valeur absente du dataset harmonisé ; cause de l'absence non vérifiée dans la source originale. Ne pas interpréter comme zéro.
TUN_MISSING,Tunisie,2018,Hongrois,notes,Absence d'une nationalité publiée ≠ zéro; TRE non fusionnés avec touristes étrangers.,Absence d'une nationalité publiée ≠ zéro; TRE non fusionnés avec touristes étrangers. Valeur absente du dataset harmonisé ; cause de l'absence non vérifiée dans la source originale. Ne pas interpréter comme zéro.,Valeur absente du dataset harmonisé ; cause de l'absence non vérifiée dans la source originale. Ne pas interpréter comme zéro.
TUN_MISSING,Tunisie,2017,Roumains,quality_flag,exact_country,missing_unverified,Valeur absente du dataset harmonisé ; cause de l'absence non vérifiée dans la source originale. Ne pas interpréter comme zéro.
TUN_MISSING,Tunisie,2017,Roumains,notes,Absence d'une nationalité publiée ≠ zéro; TRE non fusionnés avec touristes étrangers.,Absence d'une nationalité publiée ≠ zéro; TRE non fusionnés avec touristes étrangers. Valeur absente du dataset harmonisé ; cause de l'absence non vérifiée dans la source originale. Ne pas interpréter comme zéro.,Valeur absente du dataset harmonisé ; cause de l'absence non vérifiée dans la source originale. Ne pas interpréter comme zéro.
TUN_MISSING,Tunisie,2018,Roumains,quality_flag,exact_country,missing_unverified,Valeur absente du dataset harmonisé ; cause de l'absence non vérifiée dans la source originale. Ne pas interpréter comme zéro.
TUN_MISSING,Tunisie,2018,Roumains,notes,Absence d'une nationalité publiée ≠ zéro; TRE non fusionnés avec touristes étrangers.,Absence d'une nationalité publiée ≠ zéro; TRE non fusionnés avec touristes étrangers. Valeur absente du dataset harmonisé ; cause de l'absence non vérifiée dans la source originale. Ne pas interpréter comme zéro.,Valeur absente du dataset harmonisé ; cause de l'absence non vérifiée dans la source originale. Ne pas interpréter comme zéro.
TUN_MISSING,Tunisie,2017,Marocains,quality_flag,exact_country,missing_unverified,Valeur absente du dataset harmonisé ; cause de l'absence non vérifiée dans la source originale. Ne pas interpréter comme zéro.
TUN_MISSING,Tunisie,2017,Marocains,notes,Absence d'une nationalité publiée ≠ zéro; TRE non fusionnés avec touristes étrangers.,Absence d'une nationalité publiée ≠ zéro; TRE non fusionnés avec touristes étrangers. Valeur absente du dataset harmonisé ; cause de l'absence non vérifiée dans la source originale. Ne pas interpréter comme zéro.,Valeur absente du dataset harmonisé ; cause de l'absence non vérifiée dans la source originale. Ne pas interpréter comme zéro.
TUN_MISSING,Tunisie,2018,Marocains,quality_flag,exact_country,missing_unverified,Valeur absente du dataset harmonisé ; cause de l'absence non vérifiée dans la source originale. Ne pas interpréter comme zéro.
TUN_MISSING,Tunisie,2018,Marocains,notes,Absence d'une nationalité publiée ≠ zéro; TRE non fusionnés avec touristes étrangers.,Absence d'une nationalité publiée ≠ zéro; TRE non fusionnés avec touristes étrangers. Valeur absente du dataset harmonisé ; cause de l'absence non vérifiée dans la source originale. Ne pas interpréter comme zéro.,Valeur absente du dataset harmonisé ; cause de l'absence non vérifiée dans la source originale. Ne pas interpréter comme zéro.
TUN_MISSING,Tunisie,2017,Mauritaniens,quality_flag,exact_country,missing_unverified,Valeur absente du dataset harmonisé ; cause de l'absence non vérifiée dans la source originale. Ne pas interpréter comme zéro.
TUN_MISSING,Tunisie,2017,Mauritaniens,notes,Absence d'une nationalité publiée ≠ zéro; TRE non fusionnés avec touristes étrangers.,Absence d'une nationalité publiée ≠ zéro; TRE non fusionnés avec touristes étrangers. Valeur absente du dataset harmonisé ; cause de l'absence non vérifiée dans la source originale. Ne pas interpréter comme zéro.,Valeur absente du dataset harmonisé ; cause de l'absence non vérifiée dans la source originale. Ne pas interpréter comme zéro.
TUN_MISSING,Tunisie,2018,Mauritaniens,quality_flag,exact_country,missing_unverified,Valeur absente du dataset harmonisé ; cause de l'absence non vérifiée dans la source originale. Ne pas interpréter comme zéro.
TUN_MISSING,Tunisie,2018,Mauritaniens,notes,Absence d'une nationalité publiée ≠ zéro; TRE non fusionnés avec touristes étrangers.,Absence d'une nationalité publiée ≠ zéro; TRE non fusionnés avec touristes étrangers. Valeur absente du dataset harmonisé ; cause de l'absence non vérifiée dans la source originale. Ne pas interpréter comme zéro.,Valeur absente du dataset harmonisé ; cause de l'absence non vérifiée dans la source originale. Ne pas interpréter comme zéro.
TUN_MISSING,Tunisie,2017,Saoudiens,quality_flag,exact_country,missing_unverified,Valeur absente du dataset harmonisé ; cause de l'absence non vérifiée dans la source originale. Ne pas interpréter comme zéro.
TUN_MISSING,Tunisie,2017,Saoudiens,notes,Absence d'une nationalité publiée ≠ zéro; TRE non fusionnés avec touristes étrangers.,Absence d'une nationalité publiée ≠ zéro; TRE non fusionnés avec touristes étrangers. Valeur absente du dataset harmonisé ; cause de l'absence non vérifiée dans la source originale. Ne pas interpréter comme zéro.,Valeur absente du dataset harmonisé ; cause de l'absence non vérifiée dans la source originale. Ne pas interpréter comme zéro.
TUN_MISSING,Tunisie,2018,Saoudiens,quality_flag,exact_country,missing_unverified,Valeur absente du dataset harmonisé ; cause de l'absence non vérifiée dans la source originale. Ne pas interpréter comme zéro.
TUN_MISSING,Tunisie,2018,Saoudiens,notes,Absence d'une nationalité publiée ≠ zéro; TRE non fusionnés avec touristes étrangers.,Absence d'une nationalité publiée ≠ zéro; TRE non fusionnés avec touristes étrangers. Valeur absente du dataset harmonisé ; cause de l'absence non vérifiée dans la source originale. Ne pas interpréter comme zéro.,Valeur absente du dataset harmonisé ; cause de l'absence non vérifiée dans la source originale. Ne pas interpréter comme zéro.
TUN_MISSING,Tunisie,2017,Syriens,quality_flag,exact_country,missing_unverified,Valeur absente du dataset harmonisé ; cause de l'absence non vérifiée dans la source originale. Ne pas interpréter comme zéro.
TUN_MISSING,Tunisie,2017,Syriens,notes,Absence d'une nationalité publiée ≠ zéro; TRE non fusionnés avec touristes étrangers.,Absence d'une nationalité publiée ≠ zéro; TRE non fusionnés avec touristes étrangers. Valeur absente du dataset harmonisé ; cause de l'absence non vérifiée dans la source originale. Ne pas interpréter comme zéro.,Valeur absente du dataset harmonisé ; cause de l'absence non vérifiée dans la source originale. Ne pas interpréter comme zéro.
TUN_MISSING,Tunisie,2018,Syriens,quality_flag,exact_country,missing_unverified,Valeur absente du dataset harmonisé ; cause de l'absence non vérifiée dans la source originale. Ne pas interpréter comme zéro.
TUN_MISSING,Tunisie,2018,Syriens,notes,Absence d'une nationalité publiée ≠ zéro; TRE non fusionnés avec touristes étrangers.,Absence d'une nationalité publiée ≠ zéro; TRE non fusionnés avec touristes étrangers. Valeur absente du dataset harmonisé ; cause de l'absence non vérifiée dans la source originale. Ne pas interpréter comme zéro.,Valeur absente du dataset harmonisé ; cause de l'absence non vérifiée dans la source originale. Ne pas interpréter comme zéro.
TUN_MISSING,Tunisie,2017,Irakiens,quality_flag,exact_country,missing_unverified,Valeur absente du dataset harmonisé ; cause de l'absence non vérifiée dans la source originale. Ne pas interpréter comme zéro.
TUN_MISSING,Tunisie,2017,Irakiens,notes,Absence d'une nationalité publiée ≠ zéro; TRE non fusionnés avec touristes étrangers.,Absence d'une nationalité publiée ≠ zéro; TRE non fusionnés avec touristes étrangers. Valeur absente du dataset harmonisé ; cause de l'absence non vérifiée dans la source originale. Ne pas interpréter comme zéro.,Valeur absente du dataset harmonisé ; cause de l'absence non vérifiée dans la source originale. Ne pas interpréter comme zéro.
TUN_MISSING,Tunisie,2018,Irakiens,quality_flag,exact_country,missing_unverified,Valeur absente du dataset harmonisé ; cause de l'absence non vérifiée dans la source originale. Ne pas interpréter comme zéro.
TUN_MISSING,Tunisie,2018,Irakiens,notes,Absence d'une nationalité publiée ≠ zéro; TRE non fusionnés avec touristes étrangers.,Absence d'une nationalité publiée ≠ zéro; TRE non fusionnés avec touristes étrangers. Valeur absente du dataset harmonisé ; cause de l'absence non vérifiée dans la source originale. Ne pas interpréter comme zéro.,Valeur absente du dataset harmonisé ; cause de l'absence non vérifiée dans la source originale. Ne pas interpréter comme zéro.
TUN_MISSING,Tunisie,2017,Libanais,quality_flag,exact_country,missing_unverified,Valeur absente du dataset harmonisé ; cause de l'absence non vérifiée dans la source originale. Ne pas interpréter comme zéro.
TUN_MISSING,Tunisie,2017,Libanais,notes,Absence d'une nationalité publiée ≠ zéro; TRE non fusionnés avec touristes étrangers.,Absence d'une nationalité publiée ≠ zéro; TRE non fusionnés avec touristes étrangers. Valeur absente du dataset harmonisé ; cause de l'absence non vérifiée dans la source originale. Ne pas interpréter comme zéro.,Valeur absente du dataset harmonisé ; cause de l'absence non vérifiée dans la source originale. Ne pas interpréter comme zéro.
TUN_MISSING,Tunisie,2018,Libanais,quality_flag,exact_country,missing_unverified,Valeur absente du dataset harmonisé ; cause de l'absence non vérifiée dans la source originale. Ne pas interpréter comme zéro.
TUN_MISSING,Tunisie,2018,Libanais,notes,Absence d'une nationalité publiée ≠ zéro; TRE non fusionnés avec touristes étrangers.,Absence d'une nationalité publiée ≠ zéro; TRE non fusionnés avec touristes étrangers. Valeur absente du dataset harmonisé ; cause de l'absence non vérifiée dans la source originale. Ne pas interpréter comme zéro.,Valeur absente du dataset harmonisé ; cause de l'absence non vérifiée dans la source originale. Ne pas interpréter comme zéro.
TUN_MISSING,Tunisie,2017,Jordaniens,quality_flag,exact_country,missing_unverified,Valeur absente du dataset harmonisé ; cause de l'absence non vérifiée dans la source originale. Ne pas interpréter comme zéro.
TUN_MISSING,Tunisie,2017,Jordaniens,notes,Absence d'une nationalité publiée ≠ zéro; TRE non fusionnés avec touristes étrangers.,Absence d'une nationalité publiée ≠ zéro; TRE non fusionnés avec touristes étrangers. Valeur absente du dataset harmonisé ; cause de l'absence non vérifiée dans la source originale. Ne pas interpréter comme zéro.,Valeur absente du dataset harmonisé ; cause de l'absence non vérifiée dans la source originale. Ne pas interpréter comme zéro.
TUN_MISSING,Tunisie,2018,Jordaniens,quality_flag,exact_country,missing_unverified,Valeur absente du dataset harmonisé ; cause de l'absence non vérifiée dans la source originale. Ne pas interpréter comme zéro.
TUN_MISSING,Tunisie,2018,Jordaniens,notes,Absence d'une nationalité publiée ≠ zéro; TRE non fusionnés avec touristes étrangers.,Absence d'une nationalité publiée ≠ zéro; TRE non fusionnés avec touristes étrangers. Valeur absente du dataset harmonisé ; cause de l'absence non vérifiée dans la source originale. Ne pas interpréter comme zéro.,Valeur absente du dataset harmonisé ; cause de l'absence non vérifiée dans la source originale. Ne pas interpréter comme zéro.
TUN_MISSING,Tunisie,2017,Palestiniens,quality_flag,exact_country,missing_unverified,Valeur absente du dataset harmonisé ; cause de l'absence non vérifiée dans la source originale. Ne pas interpréter comme zéro.
TUN_MISSING,Tunisie,2017,Palestiniens,notes,Absence d'une nationalité publiée ≠ zéro; TRE non fusionnés avec touristes étrangers.,Absence d'une nationalité publiée ≠ zéro; TRE non fusionnés avec touristes étrangers. Valeur absente du dataset harmonisé ; cause de l'absence non vérifiée dans la source originale. Ne pas interpréter comme zéro.,Valeur absente du dataset harmonisé ; cause de l'absence non vérifiée dans la source originale. Ne pas interpréter comme zéro.
TUN_MISSING,Tunisie,2018,Palestiniens,quality_flag,exact_country,missing_unverified,Valeur absente du dataset harmonisé ; cause de l'absence non vérifiée dans la source originale. Ne pas interpréter comme zéro.
TUN_MISSING,Tunisie,2018,Palestiniens,notes,Absence d'une nationalité publiée ≠ zéro; TRE non fusionnés avec touristes étrangers.,Absence d'une nationalité publiée ≠ zéro; TRE non fusionnés avec touristes étrangers. Valeur absente du dataset harmonisé ; cause de l'absence non vérifiée dans la source originale. Ne pas interpréter comme zéro.,Valeur absente du dataset harmonisé ; cause de l'absence non vérifiée dans la source originale. Ne pas interpréter comme zéro.
TUN_MISSING,Tunisie,2017,Koweïtiens,quality_flag,exact_country,missing_unverified,Valeur absente du dataset harmonisé ; cause de l'absence non vérifiée dans la source originale. Ne pas interpréter comme zéro.
TUN_MISSING,Tunisie,2017,Koweïtiens,notes,Absence d'une nationalité publiée ≠ zéro; TRE non fusionnés avec touristes étrangers.,Absence d'une nationalité publiée ≠ zéro; TRE non fusionnés avec touristes étrangers. Valeur absente du dataset harmonisé ; cause de l'absence non vérifiée dans la source originale. Ne pas interpréter comme zéro.,Valeur absente du dataset harmonisé ; cause de l'absence non vérifiée dans la source originale. Ne pas interpréter comme zéro.
TUN_MISSING,Tunisie,2018,Koweïtiens,quality_flag,exact_country,missing_unverified,Valeur absente du dataset harmonisé ; cause de l'absence non vérifiée dans la source originale. Ne pas interpréter comme zéro.
TUN_MISSING,Tunisie,2018,Koweïtiens,notes,Absence d'une nationalité publiée ≠ zéro; TRE non fusionnés avec touristes étrangers.,Absence d'une nationalité publiée ≠ zéro; TRE non fusionnés avec touristes étrangers. Valeur absente du dataset harmonisé ; cause de l'absence non vérifiée dans la source originale. Ne pas interpréter comme zéro.,Valeur absente du dataset harmonisé ; cause de l'absence non vérifiée dans la source originale. Ne pas interpréter comme zéro.
TUN_MISSING,Tunisie,2017,Soudanais,quality_flag,exact_country,missing_unverified,Valeur absente du dataset harmonisé ; cause de l'absence non vérifiée dans la source originale. Ne pas interpréter comme zéro.
TUN_MISSING,Tunisie,2017,Soudanais,notes,Absence d'une nationalité publiée ≠ zéro; TRE non fusionnés avec touristes étrangers.,Absence d'une nationalité publiée ≠ zéro; TRE non fusionnés avec touristes étrangers. Valeur absente du dataset harmonisé ; cause de l'absence non vérifiée dans la source originale. Ne pas interpréter comme zéro.,Valeur absente du dataset harmonisé ; cause de l'absence non vérifiée dans la source originale. Ne pas interpréter comme zéro.
TUN_MISSING,Tunisie,2018,Soudanais,quality_flag,exact_country,missing_unverified,Valeur absente du dataset harmonisé ; cause de l'absence non vérifiée dans la source originale. Ne pas interpréter comme zéro.
TUN_MISSING,Tunisie,2018,Soudanais,notes,Absence d'une nationalité publiée ≠ zéro; TRE non fusionnés avec touristes étrangers.,Absence d'une nationalité publiée ≠ zéro; TRE non fusionnés avec touristes étrangers. Valeur absente du dataset harmonisé ; cause de l'absence non vérifiée dans la source originale. Ne pas interpréter comme zéro.,Valeur absente du dataset harmonisé ; cause de l'absence non vérifiée dans la source originale. Ne pas interpréter comme zéro.
TUN_MISSING,Tunisie,2017,Yéménites,quality_flag,exact_country,missing_unverified,Valeur absente du dataset harmonisé ; cause de l'absence non vérifiée dans la source originale. Ne pas interpréter comme zéro.
TUN_MISSING,Tunisie,2017,Yéménites,notes,Absence d'une nationalité publiée ≠ zéro; TRE non fusionnés avec touristes étrangers.,Absence d'une nationalité publiée ≠ zéro; TRE non fusionnés avec touristes étrangers. Valeur absente du dataset harmonisé ; cause de l'absence non vérifiée dans la source originale. Ne pas interpréter comme zéro.,Valeur absente du dataset harmonisé ; cause de l'absence non vérifiée dans la source originale. Ne pas interpréter comme zéro.
TUN_MISSING,Tunisie,2018,Yéménites,quality_flag,exact_country,missing_unverified,Valeur absente du dataset harmonisé ; cause de l'absence non vérifiée dans la source originale. Ne pas interpréter comme zéro.
TUN_MISSING,Tunisie,2018,Yéménites,notes,Absence d'une nationalité publiée ≠ zéro; TRE non fusionnés avec touristes étrangers.,Absence d'une nationalité publiée ≠ zéro; TRE non fusionnés avec touristes étrangers. Valeur absente du dataset harmonisé ; cause de l'absence non vérifiée dans la source originale. Ne pas interpréter comme zéro.,Valeur absente du dataset harmonisé ; cause de l'absence non vérifiée dans la source originale. Ne pas interpréter comme zéro.
TUN_MISSING,Tunisie,2017,Qataris,quality_flag,exact_country,missing_unverified,Valeur absente du dataset harmonisé ; cause de l'absence non vérifiée dans la source originale. Ne pas interpréter comme zéro.
TUN_MISSING,Tunisie,2017,Qataris,notes,Absence d'une nationalité publiée ≠ zéro; TRE non fusionnés avec touristes étrangers.,Absence d'une nationalité publiée ≠ zéro; TRE non fusionnés avec touristes étrangers. Valeur absente du dataset harmonisé ; cause de l'absence non vérifiée dans la source originale. Ne pas interpréter comme zéro.,Valeur absente du dataset harmonisé ; cause de l'absence non vérifiée dans la source originale. Ne pas interpréter comme zéro.
TUN_MISSING,Tunisie,2018,Qataris,quality_flag,exact_country,missing_unverified,Valeur absente du dataset harmonisé ; cause de l'absence non vérifiée dans la source originale. Ne pas interpréter comme zéro.
TUN_MISSING,Tunisie,2018,Qataris,notes,Absence d'une nationalité publiée ≠ zéro; TRE non fusionnés avec touristes étrangers.,Absence d'une nationalité publiée ≠ zéro; TRE non fusionnés avec touristes étrangers. Valeur absente du dataset harmonisé ; cause de l'absence non vérifiée dans la source originale. Ne pas interpréter comme zéro.,Valeur absente du dataset harmonisé ; cause de l'absence non vérifiée dans la source originale. Ne pas interpréter comme zéro.
TUN_MISSING,Tunisie,2017,Bahreïnis,quality_flag,exact_country,missing_unverified,Valeur absente du dataset harmonisé ; cause de l'absence non vérifiée dans la source originale. Ne pas interpréter comme zéro.
TUN_MISSING,Tunisie,2017,Bahreïnis,notes,Absence d'une nationalité publiée ≠ zéro; TRE non fusionnés avec touristes étrangers.,Absence d'une nationalité publiée ≠ zéro; TRE non fusionnés avec touristes étrangers. Valeur absente du dataset harmonisé ; cause de l'absence non vérifiée dans la source originale. Ne pas interpréter comme zéro.,Valeur absente du dataset harmonisé ; cause de l'absence non vérifiée dans la source originale. Ne pas interpréter comme zéro.
TUN_MISSING,Tunisie,2018,Bahreïnis,quality_flag,exact_country,missing_unverified,Valeur absente du dataset harmonisé ; cause de l'absence non vérifiée dans la source originale. Ne pas interpréter comme zéro.
TUN_MISSING,Tunisie,2018,Bahreïnis,notes,Absence d'une nationalité publiée ≠ zéro; TRE non fusionnés avec touristes étrangers.,Absence d'une nationalité publiée ≠ zéro; TRE non fusionnés avec touristes étrangers. Valeur absente du dataset harmonisé ; cause de l'absence non vérifiée dans la source originale. Ne pas interpréter comme zéro.,Valeur absente du dataset harmonisé ; cause de l'absence non vérifiée dans la source originale. Ne pas interpréter comme zéro.
TUN_MISSING,Tunisie,2017,Omanais,quality_flag,exact_country,missing_unverified,Valeur absente du dataset harmonisé ; cause de l'absence non vérifiée dans la source originale. Ne pas interpréter comme zéro.
TUN_MISSING,Tunisie,2017,Omanais,notes,Absence d'une nationalité publiée ≠ zéro; TRE non fusionnés avec touristes étrangers.,Absence d'une nationalité publiée ≠ zéro; TRE non fusionnés avec touristes étrangers. Valeur absente du dataset harmonisé ; cause de l'absence non vérifiée dans la source originale. Ne pas interpréter comme zéro.,Valeur absente du dataset harmonisé ; cause de l'absence non vérifiée dans la source originale. Ne pas interpréter comme zéro.
TUN_MISSING,Tunisie,2018,Omanais,quality_flag,exact_country,missing_unverified,Valeur absente du dataset harmonisé ; cause de l'absence non vérifiée dans la source originale. Ne pas interpréter comme zéro.
TUN_MISSING,Tunisie,2018,Omanais,notes,Absence d'une nationalité publiée ≠ zéro; TRE non fusionnés avec touristes étrangers.,Absence d'une nationalité publiée ≠ zéro; TRE non fusionnés avec touristes étrangers. Valeur absente du dataset harmonisé ; cause de l'absence non vérifiée dans la source originale. Ne pas interpréter comme zéro.,Valeur absente du dataset harmonisé ; cause de l'absence non vérifiée dans la source originale. Ne pas interpréter comme zéro.
TUN_MISSING,Tunisie,2017,Émirats arabes unis,quality_flag,exact_country,missing_unverified,Valeur absente du dataset harmonisé ; cause de l'absence non vérifiée dans la source originale. Ne pas interpréter comme zéro.
TUN_MISSING,Tunisie,2017,Émirats arabes unis,notes,Absence d'une nationalité publiée ≠ zéro; TRE non fusionnés avec touristes étrangers.,Absence d'une nationalité publiée ≠ zéro; TRE non fusionnés avec touristes étrangers. Valeur absente du dataset harmonisé ; cause de l'absence non vérifiée dans la source originale. Ne pas interpréter comme zéro.,Valeur absente du dataset harmonisé ; cause de l'absence non vérifiée dans la source originale. Ne pas interpréter comme zéro.
TUN_MISSING,Tunisie,2018,Émirats arabes unis,quality_flag,exact_country,missing_unverified,Valeur absente du dataset harmonisé ; cause de l'absence non vérifiée dans la source originale. Ne pas interpréter comme zéro.
TUN_MISSING,Tunisie,2018,Émirats arabes unis,notes,Absence d'une nationalité publiée ≠ zéro; TRE non fusionnés avec touristes étrangers.,Absence d'une nationalité publiée ≠ zéro; TRE non fusionnés avec touristes étrangers. Valeur absente du dataset harmonisé ; cause de l'absence non vérifiée dans la source originale. Ne pas interpréter comme zéro.,Valeur absente du dataset harmonisé ; cause de l'absence non vérifiée dans la source originale. Ne pas interpréter comme zéro.
TUN_MISSING,Tunisie,2017,Égyptiens,quality_flag,exact_country,missing_unverified,Valeur absente du dataset harmonisé ; cause de l'absence non vérifiée dans la source originale. Ne pas interpréter comme zéro.
TUN_MISSING,Tunisie,2017,Égyptiens,notes,Absence d'une nationalité publiée ≠ zéro; TRE non fusionnés avec touristes étrangers.,Absence d'une nationalité publiée ≠ zéro; TRE non fusionnés avec touristes étrangers. Valeur absente du dataset harmonisé ; cause de l'absence non vérifiée dans la source originale. Ne pas interpréter comme zéro.,Valeur absente du dataset harmonisé ; cause de l'absence non vérifiée dans la source originale. Ne pas interpréter comme zéro.
TUN_MISSING,Tunisie,2018,Égyptiens,quality_flag,exact_country,missing_unverified,Valeur absente du dataset harmonisé ; cause de l'absence non vérifiée dans la source originale. Ne pas interpréter comme zéro.
TUN_MISSING,Tunisie,2018,Égyptiens,notes,Absence d'une nationalité publiée ≠ zéro; TRE non fusionnés avec touristes étrangers.,Absence d'une nationalité publiée ≠ zéro; TRE non fusionnés avec touristes étrangers. Valeur absente du dataset harmonisé ; cause de l'absence non vérifiée dans la source originale. Ne pas interpréter comme zéro.,Valeur absente du dataset harmonisé ; cause de l'absence non vérifiée dans la source originale. Ne pas interpréter comme zéro.
